id,first_name,last_name,email,gender,ip_address
1,Kerwin,Sekulla,ksekulla0@biblegateway.com,Male,109.0.46.209
2,Timofei,Scullard,tscullard1@printfriendly.com,Male,109.61.179.50
3,Justus,Verrillo,jverrillo2@state.gov,Male,188.55.209.59
4,Townie,McSharry,tmcsharry3@spiegel.de,Male,32.165.111.151
5,Hilarius,Bartolomeazzi,hbartolomeazzi4@tinyurl.com,Male,39.204.217.216
6,Allyn,Imason,aimason5@deliciousdays.com,Female,42.110.48.141
7,Aridatha,Persehouse,apersehouse6@webmd.com,Female,84.197.242.82
8,Noelani,Dablin,ndablin7@w3.org,Female,162.159.241.67
9,Romain,Eisikowitz,reisikowitz8@ox.ac.uk,Male,55.73.54.227
10,Arturo,Kershow,akershow9@cornell.edu,Male,67.83.241.65
11,Nathan,Orsi,norsia@de.vu,Male,86.16.92.129
12,Rivi,Halvorsen,rhalvorsenb@1und1.de,Female,28.35.154.63
13,Brant,Canete,bcanetec@blogger.com,Male,16.166.158.47
14,Pattie,Hans,phansd@51.la,Male,178.65.209.24
15,Tiertza,Scatchard,tscatcharde@scribd.com,Female,94.0.8.87
16,Hillary,Bowdrey,hbowdreyf@lycos.com,Female,27.192.125.182
17,Devonne,Skillicorn,dskillicorng@usatoday.com,Female,217.68.206.232
18,Skippy,Blaise,sblaiseh@123-reg.co.uk,Male,188.38.86.146
19,Barton,Josefovic,bjosefovici@stanford.edu,Male,153.67.45.190
20,Dyanne,Boddington,dboddingtonj@photobucket.com,Female,96.159.161.190
21,Emma,Orrum,eorrumk@ox.ac.uk,Female,102.114.193.183
22,Stillmann,Audenis,saudenisl@surveymonkey.com,Male,201.207.228.30
23,Marybeth,Perham,mperhamm@washingtonpost.com,Female,97.148.102.20
24,Marcelia,Greatreax,mgreatreaxn@shareasale.com,Female,251.115.190.120
25,Dore,Hemphill,dhemphillo@loc.gov,Male,166.176.143.136
26,Tuckie,Hamilton,thamiltonp@imageshack.us,Male,134.17.134.242
27,Cathee,Pidon,cpidonq@pcworld.com,Female,160.119.198.171
28,Jan,Malkie,jmalkier@netlog.com,Male,68.163.157.246
29,Porter,Morin,pmorins@usnews.com,Male,138.182.159.104
30,Orland,Brent,obrentt@cyberchimps.com,Male,27.75.215.227
31,Normand,Summerly,nsummerlyu@elpais.com,Male,167.168.118.240
32,Lindon,Lavarack,llavarackv@vkontakte.ru,Male,28.241.133.197
33,Alanson,Beauchamp,abeauchampw@a8.net,Male,144.82.35.139
34,Oralle,Dirand,odirandx@privacy.gov.au,Female,202.235.74.100
35,Penni,Geraldi,pgeraldiy@adobe.com,Female,135.184.251.147
36,Danny,Artois,dartoisz@reddit.com,Male,140.111.223.232
37,Lucio,Sommers,lsommers10@tumblr.com,Male,255.116.177.5
38,Chilton,Standing,cstanding11@wix.com,Male,159.4.4.140
39,Mahmoud,Gemson,mgemson12@lycos.com,Male,120.166.154.232
40,Angele,Vlies,avlies13@uiuc.edu,Female,2.41.1.109
41,Udall,Rickford,urickford14@wordpress.com,Male,73.185.222.129
42,Marcellus,Bleaden,mbleaden15@icq.com,Male,37.59.91.111
43,Dorotea,Burbidge,dburbidge16@hhs.gov,Female,248.205.13.2
44,Stella,Jandel,sjandel17@twitpic.com,Female,60.84.249.124
45,Findley,Laphorn,flaphorn18@imgur.com,Male,196.183.154.103
46,Annadiana,Dungate,adungate19@netscape.com,Female,141.17.16.155
47,Jacob,Delia,jdelia1a@sciencedirect.com,Male,1.224.28.201
48,Rhianna,Antony,rantony1b@soundcloud.com,Female,100.192.143.178
49,Berkley,Veal,bveal1c@ebay.co.uk,Male,252.149.129.223
50,Viviyan,Quenell,vquenell1d@chicagotribune.com,Female,128.248.241.97
51,Addie,Casetti,acasetti1e@barnesandnoble.com,Male,189.156.62.230
52,Johnathon,Herrema,jherrema1f@paginegialle.it,Male,193.136.202.141
53,Emmie,Woller,ewoller1g@toplist.cz,Female,124.38.55.51
54,Saundra,Wheelband,swheelband1h@cyberchimps.com,Female,131.75.147.25
55,Garner,Hupe,ghupe1i@adobe.com,Male,248.239.199.208
56,Niall,Surby,nsurby1j@joomla.org,Male,66.211.39.48
57,Bianca,Callaway,bcallaway1k@163.com,Female,216.193.221.176
58,Adan,Sayers,asayers1l@blogger.com,Male,249.234.9.84
59,Dareen,Brownbill,dbrownbill1m@youku.com,Female,71.14.15.74
60,Silvester,Cutsforth,scutsforth1n@friendfeed.com,Male,93.152.130.64
61,Cleavland,Casale,ccasale1o@livejournal.com,Male,159.133.126.41
62,Kizzee,Berlin,kberlin1p@aol.com,Female,149.27.156.160
63,Gav,Brasher,gbrasher1q@skyrock.com,Male,169.56.222.204
64,Mira,Cumine,mcumine1r@parallels.com,Female,203.189.171.228
65,Kalina,Ganny,kganny1s@mac.com,Female,41.92.238.203
66,Lay,Dufoure,ldufoure1t@live.com,Male,201.222.60.235
67,Bev,Gantz,bgantz1u@i2i.jp,Male,214.119.154.79
68,Allie,Stephenson,astephenson1v@posterous.com,Male,126.58.239.167
69,Jasmin,Hargerie,jhargerie1w@admin.ch,Female,49.7.37.186
70,Andrus,Schall,aschall1x@oakley.com,Male,159.231.186.66
71,Madison,Marmon,mmarmon1y@163.com,Male,57.24.235.64
72,Aurthur,Axtell,aaxtell1z@edublogs.org,Male,196.168.59.189
73,Maurita,Kamien,mkamien20@mozilla.org,Female,125.200.142.48
74,Min,Evens,mevens21@answers.com,Female,206.228.154.212
75,Wyn,Aronowitz,waronowitz22@tmall.com,Male,60.157.10.87
76,Cassey,Dowyer,cdowyer23@friendfeed.com,Female,124.152.34.162
77,Jedidiah,Mersey,jmersey24@merriam-webster.com,Male,32.56.208.159
78,Tana,Potter,tpotter25@symantec.com,Female,116.138.76.160
79,Janet,Brightwell,jbrightwell26@techcrunch.com,Female,1.172.174.87
80,Woodrow,Argile,wargile27@t-online.de,Male,7.220.254.181
81,Hodge,Hobbert,hhobbert28@uiuc.edu,Male,83.180.59.186
82,Leonerd,Newitt,lnewitt29@github.io,Male,161.149.161.191
83,Bradan,Dulanty,bdulanty2a@columbia.edu,Male,29.139.220.8
84,Kerianne,Hebson,khebson2b@istockphoto.com,Female,185.168.61.237
85,Daisey,Moscon,dmoscon2c@netvibes.com,Female,80.152.41.124
86,Walther,Lyptrade,wlyptrade2d@jimdo.com,Male,170.136.17.44
87,Ilsa,McDaid,imcdaid2e@wiley.com,Female,108.211.161.29
88,Micheil,Ephgrave,mephgrave2f@blog.com,Male,24.13.96.209
89,Benedicta,Meeron,bmeeron2g@about.me,Female,196.153.155.32
90,Ami,Lardeux,alardeux2h@umn.edu,Female,212.3.127.83
91,Alair,Mathie,amathie2i@stumbleupon.com,Male,141.174.185.171
92,Adeline,Taynton,ataynton2j@seattletimes.com,Female,156.232.245.178
93,Gabriello,Foxon,gfoxon2k@unc.edu,Male,229.240.149.95
94,Rodger,Dodsley,rdodsley2l@apache.org,Male,93.184.159.151
95,Luther,Boughtflower,lboughtflower2m@sphinn.com,Male,195.152.166.20
96,Carilyn,Joyson,cjoyson2n@omniture.com,Female,28.163.5.231
97,Pearce,Skokoe,pskokoe2o@ucoz.ru,Male,24.100.189.37
98,Cloe,Kegg,ckegg2p@squarespace.com,Female,210.73.87.24
99,Prinz,Edwardes,pedwardes2q@wufoo.com,Male,227.104.198.148
100,Evita,Sturmey,esturmey2r@amazon.co.uk,Female,56.252.167.34
101,Denny,Maffezzoli,dmaffezzoli2s@instagram.com,Female,127.181.152.113
102,Perice,Shaefer,pshaefer2t@ezinearticles.com,Male,180.81.7.121
103,Kain,Halliday,khalliday2u@google.de,Male,130.134.217.170
104,Galvin,Bocken,gbocken2v@sina.com.cn,Male,27.162.214.239
105,Stacie,Twaite,stwaite2w@people.com.cn,Female,111.110.170.38
106,Agathe,Pantling,apantling2x@cafepress.com,Female,121.79.206.129
107,Gabriell,Lavall,glavall2y@squidoo.com,Female,61.14.209.226
108,Maynord,Presser,mpresser2z@booking.com,Male,249.6.170.189
109,Rafaelia,Ullyatt,rullyatt30@quantcast.com,Female,189.62.186.223
110,Robinet,Ferryman,rferryman31@chronoengine.com,Male,231.139.193.172
111,Howey,Leguey,hleguey32@reddit.com,Male,33.238.79.214
112,Ashby,Wilkison,awilkison33@gov.uk,Male,87.12.96.195
113,Rayner,Matuskiewicz,rmatuskiewicz34@exblog.jp,Male,143.132.10.233
114,Norrie,MacDonogh,nmacdonogh35@ed.gov,Female,117.116.52.187
115,Etheline,Birdwistle,ebirdwistle36@opera.com,Female,218.86.222.13
116,Kale,McWhin,kmcwhin37@prweb.com,Male,17.123.208.144
117,Mohammed,Magauran,mmagauran38@a8.net,Male,78.38.209.41
118,Lincoln,Boyet,lboyet39@timesonline.co.uk,Male,239.126.193.204
119,Tobi,Minchinton,tminchinton3a@t-online.de,Female,57.248.93.187
120,Melisa,Harding,mharding3b@yelp.com,Female,228.219.114.232
121,Brunhilde,Dimock,bdimock3c@flavors.me,Female,107.192.216.178
122,Shaw,Hearns,shearns3d@latimes.com,Male,199.6.178.196
123,Willey,Longshaw,wlongshaw3e@ftc.gov,Male,89.110.227.231
124,Annadiana,Petrazzi,apetrazzi3f@imgur.com,Female,181.83.110.167
125,Donnie,Guthrum,dguthrum3g@rakuten.co.jp,Male,35.70.233.28
126,Keane,Yakovich,kyakovich3h@elegantthemes.com,Male,142.222.82.164
127,Erwin,Preon,epreon3i@csmonitor.com,Male,82.146.234.234
128,Torey,Ryley,tryley3j@addthis.com,Male,131.97.247.207
129,Cindie,Sopper,csopper3k@indiatimes.com,Female,120.244.11.3
130,Isaac,Abendroth,iabendroth3l@constantcontact.com,Male,199.191.31.87
131,Sidonnie,Ettritch,settritch3m@jalbum.net,Female,178.88.19.54
132,Doreen,Felderer,dfelderer3n@deviantart.com,Female,52.129.31.17
133,Annadiana,Stitwell,astitwell3o@tinyurl.com,Female,56.243.81.214
134,Cariotta,Marshfield,cmarshfield3p@wufoo.com,Female,249.28.179.247
135,Berne,Davydochkin,bdavydochkin3q@elpais.com,Male,55.221.128.231
136,Asa,Houtby,ahoutby3r@baidu.com,Male,68.255.234.85
137,Olva,Wallentin,owallentin3s@dropbox.com,Female,185.29.125.213
138,Joanna,Treneer,jtreneer3t@spiegel.de,Female,39.103.98.103
139,Rufe,Yakutin,ryakutin3u@dyndns.org,Male,122.105.220.5
140,Wileen,Poel,wpoel3v@flavors.me,Female,205.19.186.234
141,Scarface,Tennock,stennock3w@storify.com,Male,5.31.108.196
142,Alessandra,Drees,adrees3x@biglobe.ne.jp,Female,26.11.211.242
143,Darryl,Willers,dwillers3y@slashdot.org,Female,220.8.152.164
144,Tobe,Sexstone,tsexstone3z@moonfruit.com,Female,250.10.63.149
145,Terry,McKevin,tmckevin40@blog.com,Female,206.135.235.177
146,Wells,Fincken,wfincken41@seesaa.net,Male,185.32.66.8
147,Lothaire,Dennerly,ldennerly42@wsj.com,Male,20.233.25.10
148,Dinnie,Nutten,dnutten43@usa.gov,Female,85.24.64.4
149,Caldwell,Muir,cmuir44@harvard.edu,Male,162.55.88.219
150,Packston,Quinion,pquinion45@deliciousdays.com,Male,37.83.254.147
151,Nickie,Gonnin,ngonnin46@privacy.gov.au,Male,197.173.73.45
152,Bert,Espadas,bespadas47@ycombinator.com,Male,60.13.97.126
153,Wait,Beardall,wbeardall48@time.com,Male,137.129.43.107
154,Samara,Lars,slars49@furl.net,Female,240.179.22.214
155,Algernon,Goggen,agoggen4a@telegraph.co.uk,Male,62.178.28.120
156,Kim,Jeffrey,kjeffrey4b@people.com.cn,Male,45.200.38.78
157,Egbert,Burghill,eburghill4c@illinois.edu,Male,245.188.250.26
158,Leonie,Wale,lwale4d@ca.gov,Female,223.90.121.181
159,Cilka,Lidster,clidster4e@wired.com,Female,247.43.205.42
160,Andreas,Lazar,alazar4f@cornell.edu,Male,96.49.122.34
161,Mychal,Hartle,mhartle4g@ucoz.com,Male,0.38.138.203
162,Armand,Ollcott,aollcott4h@cbslocal.com,Male,219.6.4.58
163,Kevyn,Copson,kcopson4i@hao123.com,Female,103.15.97.91
164,Malissa,Hogbourne,mhogbourne4j@friendfeed.com,Female,135.212.24.147
165,Onida,Grigorey,ogrigorey4k@vkontakte.ru,Female,185.180.147.204
166,Darcie,Francklin,dfrancklin4l@nba.com,Female,186.96.119.233
167,Chickie,Backs,cbacks4m@phpbb.com,Male,15.67.192.192
168,Cos,Epple,cepple4n@alexa.com,Male,38.204.242.1
169,Marline,MacDiarmond,mmacdiarmond4o@nps.gov,Female,219.64.248.180
170,Chancey,Tarrant,ctarrant4p@sina.com.cn,Male,121.22.153.98
171,Desiree,Bullier,dbullier4q@amazon.com,Female,186.30.56.152
172,Merle,Lilywhite,mlilywhite4r@twitpic.com,Male,212.105.251.207
173,Alfy,Sach,asach4s@cbc.ca,Male,89.101.2.91
174,Elnar,Macrow,emacrow4t@who.int,Male,218.61.227.83
175,Mallory,Fry,mfry4u@multiply.com,Female,117.190.83.188
176,Scarface,Donald,sdonald4v@weebly.com,Male,237.115.177.156
177,Marshal,MacIlhagga,mmacilhagga4w@homestead.com,Male,172.241.174.66
178,Jarad,Di Maggio,jdimaggio4x@mozilla.org,Male,14.68.131.103
179,Ardenia,Glitherow,aglitherow4y@topsy.com,Female,128.39.77.226
180,Daveen,Haggith,dhaggith4z@dropbox.com,Female,104.143.184.110
181,Libbie,Salatino,lsalatino50@histats.com,Female,172.78.228.50
182,Georgianna,Jeanesson,gjeanesson51@list-manage.com,Female,181.88.103.113
183,Angeli,Stoacley,astoacley52@princeton.edu,Male,77.183.242.66
184,Sonnie,Embleton,sembleton53@odnoklassniki.ru,Male,230.28.41.180
185,Kinsley,Godman,kgodman54@google.com,Male,67.10.232.180
186,Clyde,Perott,cperott55@people.com.cn,Male,145.12.67.204
187,Stephen,Werndley,swerndley56@google.com.hk,Male,155.222.58.237
188,Ashia,Fairtlough,afairtlough57@wordpress.com,Female,200.224.246.17
189,Loydie,Gehring,lgehring58@spotify.com,Male,201.203.187.226
190,Berget,Simoes,bsimoes59@unesco.org,Female,198.236.149.49
191,Evelina,Hendrichs,ehendrichs5a@dyndns.org,Female,250.67.127.201
192,Julio,Dragge,jdragge5b@cbslocal.com,Male,238.193.106.131
193,Maurizio,McHan,mmchan5c@answers.com,Male,246.169.236.165
194,Simeon,Szymon,sszymon5d@eepurl.com,Male,17.12.134.149
195,Wilie,Greggor,wgreggor5e@hud.gov,Female,85.251.6.173
196,Edwin,Schwant,eschwant5f@icio.us,Male,236.2.160.70
197,Arin,Gatsby,agatsby5g@clickbank.net,Male,224.153.6.241
198,Ginnifer,Underhill,gunderhill5h@google.de,Female,16.118.233.237
199,Juanita,Bengle,jbengle5i@cisco.com,Female,40.82.88.231
200,Neal,Causley,ncausley5j@weather.com,Male,28.9.0.46
201,Patricio,Ovanesian,povanesian5k@xinhuanet.com,Male,224.47.156.59
202,Star,Maharry,smaharry5l@fastcompany.com,Female,24.85.31.110
203,Vida,Noel,vnoel5m@geocities.jp,Female,76.14.16.179
204,Basilius,Vernham,bvernham5n@samsung.com,Male,228.174.218.242
205,Rowney,Kesteven,rkesteven5o@amazon.co.uk,Male,229.118.29.184
206,Salomo,Zanicchi,szanicchi5p@hhs.gov,Male,4.96.25.116
207,Clio,Prime,cprime5q@phpbb.com,Female,174.192.158.39
208,Daphene,Rawlison,drawlison5r@google.pl,Female,68.27.7.74
209,Alexi,Delamaine,adelamaine5s@php.net,Female,171.128.92.106
210,Everard,Frohock,efrohock5t@reverbnation.com,Male,123.86.170.125
211,Prince,Gaunt,pgaunt5u@rediff.com,Male,5.155.170.140
212,Christin,Newberry,cnewberry5v@booking.com,Female,104.234.4.133
213,Fredek,Swaddle,fswaddle5w@istockphoto.com,Male,60.96.236.52
214,Eadmund,O'Currane,eocurrane5x@wiley.com,Male,146.225.134.148
215,Woody,Rowth,wrowth5y@ft.com,Male,213.136.233.180
216,Ronnica,Teggart,rteggart5z@stanford.edu,Female,170.48.161.244
217,Gannie,Clackson,gclackson60@msu.edu,Male,77.48.186.191
218,Hammad,Birtwistle,hbirtwistle61@dyndns.org,Male,39.156.190.228
219,Fianna,Clarricoates,fclarricoates62@yandex.ru,Female,50.108.55.86
220,Fremont,Aireton,faireton63@spiegel.de,Male,213.252.49.113
221,Nolly,Fearnyhough,nfearnyhough64@livejournal.com,Male,134.16.159.37
222,Garrik,Riglar,griglar65@wikimedia.org,Male,141.164.100.120
223,Ginger,Windsor,gwindsor66@cpanel.net,Male,220.210.189.222
224,Cecilius,McBrier,cmcbrier67@nbcnews.com,Male,217.121.68.60
225,Jeanne,Greenstead,jgreenstead68@infoseek.co.jp,Female,21.173.90.103
226,Nat,Vian,nvian69@cargocollective.com,Female,242.128.241.231
227,Carol,O'Moylan,comoylan6a@cnbc.com,Female,241.61.201.191
228,Justis,Skoggins,jskoggins6b@salon.com,Male,143.32.105.43
229,Ezechiel,Ewdale,eewdale6c@histats.com,Male,178.83.36.38
230,Cristy,Kimmins,ckimmins6d@nps.gov,Female,247.33.174.183
231,Idell,Middis,imiddis6e@pbs.org,Female,9.51.216.22
232,Killian,McKay,kmckay6f@indiegogo.com,Male,67.90.166.193
233,Jaime,Mill,jmill6g@bbc.co.uk,Male,201.226.51.22
234,Delores,Hazelby,dhazelby6h@arstechnica.com,Female,226.3.160.15
235,Agnella,Loyndon,aloyndon6i@ehow.com,Female,207.146.162.7
236,Hasheem,Stockbridge,hstockbridge6j@eepurl.com,Male,194.49.191.140
237,Ara,Struan,astruan6k@forbes.com,Male,150.247.217.1
238,Ludovico,Waddoups,lwaddoups6l@technorati.com,Male,114.1.125.45
239,Boote,Eatttok,beatttok6m@newsvine.com,Male,178.178.106.164
240,Minor,Durning,mdurning6n@xing.com,Male,194.171.155.71
241,Hurlee,Penton,hpenton6o@ycombinator.com,Male,1.20.106.143
242,Byram,Fireman,bfireman6p@so-net.ne.jp,Male,94.45.58.77
243,Karolina,Marioneau,kmarioneau6q@woothemes.com,Female,1.37.232.66
244,Nealson,Fust,nfust6r@yahoo.com,Male,151.8.122.241
245,Beauregard,Kidman,bkidman6s@go.com,Male,205.147.72.232
246,Murvyn,McCrudden,mmccrudden6t@tumblr.com,Male,171.84.126.67
247,Rona,Maskell,rmaskell6u@comsenz.com,Female,116.177.245.140
248,Pearle,Wawer,pwawer6v@paypal.com,Female,89.127.71.216
249,Diana,Byart,dbyart6w@nasa.gov,Female,177.45.241.51
250,Levin,Orwin,lorwin6x@wisc.edu,Male,111.168.123.228
251,Murdoch,Raspison,mraspison6y@webs.com,Male,232.4.17.199
252,Briny,Itzkovici,bitzkovici6z@altervista.org,Female,243.198.85.203
253,Norton,Pett,npett70@edublogs.org,Male,155.91.174.70
254,Silvia,Flello,sflello71@redcross.org,Female,46.10.43.57
255,Farlie,Grindrod,fgrindrod72@google.com.br,Male,247.232.184.13
256,Allx,Bezant,abezant73@loc.gov,Female,81.150.40.132
257,Osbert,Penzer,openzer74@house.gov,Male,174.140.128.144
258,Brocky,Donlon,bdonlon75@t.co,Male,47.150.184.64
259,Quincey,Kelf,qkelf76@nhs.uk,Male,206.153.36.44
260,Paulo,Cuerdall,pcuerdall77@dropbox.com,Male,10.245.192.206
261,Reube,Shenfisch,rshenfisch78@simplemachines.org,Male,217.50.39.193
262,Barbi,Pascall,bpascall79@narod.ru,Female,52.14.176.12
263,Ibrahim,Bawden,ibawden7a@smugmug.com,Male,183.220.191.107
264,Marlane,Waszczykowski,mwaszczykowski7b@netvibes.com,Female,233.93.51.255
265,Cosme,Govier,cgovier7c@merriam-webster.com,Male,115.231.101.219
266,Bessy,Lively,blively7d@hud.gov,Female,223.216.4.209
267,Elberta,Hinzer,ehinzer7e@yahoo.com,Female,7.127.159.86
268,Sande,Pashan,spashan7f@washington.edu,Female,147.65.193.132
269,Peyton,Matfield,pmatfield7g@yahoo.co.jp,Male,191.81.2.62
270,Ebeneser,Jeffery,ejeffery7h@cocolog-nifty.com,Male,0.64.78.10
271,Marietta,Williamson,mwilliamson7i@tinypic.com,Female,7.51.84.6
272,Teirtza,Voas,tvoas7j@rakuten.co.jp,Female,121.20.123.112
273,Augustine,De Francisci,adefrancisci7k@sitemeter.com,Male,143.131.105.111
274,Zia,Gauge,zgauge7l@ihg.com,Female,8.180.95.212
275,Jecho,McGebenay,jmcgebenay7m@wordpress.com,Male,69.133.42.123
276,Sergent,Beeble,sbeeble7n@narod.ru,Male,236.144.80.29
277,Alwin,Fisk,afisk7o@e-recht24.de,Male,197.22.207.194
278,Sheila-kathryn,Le febre,slefebre7p@un.org,Female,63.190.72.202
279,Boycie,Drinkhill,bdrinkhill7q@usa.gov,Male,146.160.150.44
280,Griffy,Connors,gconnors7r@webs.com,Male,221.207.187.177
281,Jeffie,Schoffel,jschoffel7s@digg.com,Male,200.145.67.196
282,Galvin,Gilfether,ggilfether7t@blogger.com,Male,80.217.250.15
283,Kenn,Annwyl,kannwyl7u@patch.com,Male,171.104.242.48
284,Erda,Petr,epetr7v@techcrunch.com,Female,87.96.49.251
285,Stormi,Cotty,scotty7w@japanpost.jp,Female,156.212.215.211
286,Quintilla,Glas,qglas7x@princeton.edu,Female,22.128.92.254
287,Carce,Aguirre,caguirre7y@yellowbook.com,Male,95.175.238.97
288,Andromache,Siburn,asiburn7z@ustream.tv,Female,4.250.50.24
289,Barnard,Darbyshire,bdarbyshire80@tmall.com,Male,221.181.127.213
290,Cherri,Sherbrook,csherbrook81@cocolog-nifty.com,Female,223.173.56.166
291,Meir,Albasini,malbasini82@prnewswire.com,Male,164.105.254.107
292,Karlie,Codlin,kcodlin83@miibeian.gov.cn,Female,171.148.76.201
293,Christian,Petett,cpetett84@ameblo.jp,Male,28.63.55.208
294,Roseanna,Kierans,rkierans85@amazon.com,Female,28.245.196.194
295,Neron,Hearsum,nhearsum86@ucoz.ru,Male,93.223.231.150
296,Raphaela,Pashler,rpashler87@wikipedia.org,Female,82.128.51.243
297,Babita,Dorking,bdorking88@theglobeandmail.com,Female,5.89.212.19
298,Timmie,Mate,tmate89@issuu.com,Female,197.145.89.117
299,Sonny,Lathleiff,slathleiff8a@clickbank.net,Male,104.178.80.46
300,Durand,Jarnell,djarnell8b@disqus.com,Male,242.116.68.32
301,Alie,Loweth,aloweth8c@shareasale.com,Female,240.2.20.41
302,Jerrylee,Pembery,jpembery8d@amazon.com,Female,227.230.170.40
303,Bogart,Craiker,bcraiker8e@wp.com,Male,76.249.206.177
304,Edy,Cunney,ecunney8f@mtv.com,Female,188.159.127.167
305,Davina,Carlaw,dcarlaw8g@nbcnews.com,Female,10.225.43.153
306,Bale,Jahn,bjahn8h@theguardian.com,Male,63.4.55.102
307,Olympia,Jorczyk,ojorczyk8i@weather.com,Female,186.22.163.229
308,Renelle,Greenhalgh,rgreenhalgh8j@ask.com,Female,91.185.7.3
309,Brooke,Sheraton,bsheraton8k@cnet.com,Male,120.17.35.92
310,Mirabel,Mounsey,mmounsey8l@indiatimes.com,Female,81.177.219.14
311,Reinhold,Schrieves,rschrieves8m@ucoz.ru,Male,141.219.170.34
312,Cherise,Birkmyr,cbirkmyr8n@fc2.com,Female,188.51.33.38
313,Garrott,Puleston,gpuleston8o@deviantart.com,Male,136.227.231.255
314,Shepperd,Hast,shast8p@uol.com.br,Male,173.3.187.68
315,Franny,Tubby,ftubby8q@foxnews.com,Female,230.36.10.245
316,Emilio,Abramsky,eabramsky8r@hud.gov,Male,193.188.146.51
317,Joella,Mallison,jmallison8s@flavors.me,Female,48.91.230.119
318,Tonnie,Kirkham,tkirkham8t@tuttocitta.it,Male,211.106.200.221
319,Laney,Starte,lstarte8u@163.com,Male,111.249.117.245
320,Barnaby,MacKintosh,bmackintosh8v@unc.edu,Male,130.121.7.231
321,Dale,Norrie,dnorrie8w@pinterest.com,Female,80.165.122.234
322,Benito,Zamudio,bzamudio8x@flickr.com,Male,30.60.10.234
323,Boy,Durdle,bdurdle8y@ifeng.com,Male,17.207.60.48
324,Cos,Slarke,cslarke8z@zimbio.com,Male,224.1.88.249
325,Desdemona,Jacobs,djacobs90@chicagotribune.com,Female,193.224.16.67
326,Alford,Danilovic,adanilovic91@smh.com.au,Male,198.29.129.50
327,Keith,Pennetti,kpennetti92@mail.ru,Male,124.39.156.42
328,Wendye,Pim,wpim93@slashdot.org,Female,190.97.52.254
329,Malvin,Pietsma,mpietsma94@home.pl,Male,189.193.134.55
330,Christean,Castagne,ccastagne95@gov.uk,Female,39.145.178.89
331,Patricia,Veck,pveck96@exblog.jp,Female,8.32.87.214
332,Gare,Olech,golech97@clickbank.net,Male,145.126.193.118
333,Ivory,Solland,isolland98@acquirethisname.com,Female,224.111.5.242
334,Susan,Andreoletti,sandreoletti99@com.com,Female,62.60.92.116
335,Catriona,Feasby,cfeasby9a@goo.gl,Female,74.35.194.230
336,Haily,Bewlie,hbewlie9b@wp.com,Female,138.240.239.11
337,Sheba,Sifflett,ssifflett9c@dmoz.org,Female,147.129.50.189
338,Dud,Esselin,desselin9d@nsw.gov.au,Male,109.65.76.200
339,Bobine,Jeger,bjeger9e@desdev.cn,Female,0.244.40.121
340,Ellwood,Halladey,ehalladey9f@psu.edu,Male,79.81.221.210
341,Anson,Slessar,aslessar9g@wordpress.org,Male,6.228.233.67
342,Shannan,Troni,stroni9h@kickstarter.com,Male,252.16.48.59
343,Fons,Bromidge,fbromidge9i@constantcontact.com,Male,64.212.247.167
344,Derrek,Varey,dvarey9j@csmonitor.com,Male,10.229.197.51
345,Caralie,Chalice,cchalice9k@t-online.de,Female,45.5.49.65
346,Sloan,Gilgryst,sgilgryst9l@foxnews.com,Male,82.27.149.246
347,Fancy,Fogden,ffogden9m@skype.com,Female,166.241.204.89
348,Wilden,Chong,wchong9n@mail.ru,Male,111.4.219.196
349,Timothee,Dinnage,tdinnage9o@npr.org,Male,188.12.198.173
350,Aubree,Lawrence,alawrence9p@opensource.org,Female,103.71.170.197
351,Jasmin,Lipyeat,jlipyeat9q@baidu.com,Female,162.237.30.240
352,Dorry,Utton,dutton9r@usgs.gov,Female,9.179.86.150
353,Ellary,Kubera,ekubera9s@gov.uk,Male,121.23.84.211
354,Townie,Graysmark,tgraysmark9t@cocolog-nifty.com,Male,162.29.27.34
355,Joell,Trowsdale,jtrowsdale9u@com.com,Female,94.167.126.23
356,Filberto,Sinclaire,fsinclaire9v@usgs.gov,Male,150.47.252.193
357,Fidole,Garlant,fgarlant9w@dailymotion.com,Male,50.250.138.173
358,Guntar,Warcop,gwarcop9x@hc360.com,Male,114.138.128.207
359,Raff,Rosenblum,rrosenblum9y@berkeley.edu,Male,25.135.157.69
360,Ryun,Wortman,rwortman9z@123-reg.co.uk,Male,114.180.183.176
361,Rania,Uccelli,ruccellia0@studiopress.com,Female,52.224.220.188
362,Britni,Newstead,bnewsteada1@ibm.com,Female,202.21.168.30
363,Mill,Keningham,mkeninghama2@gnu.org,Male,131.199.227.227
364,Galvin,Bessey,gbesseya3@geocities.com,Male,104.252.38.225
365,Desiree,Canape,dcanapea4@samsung.com,Female,134.253.198.47
366,Ingeberg,Moland,imolanda5@pbs.org,Female,43.49.246.161
367,Sheila,Scarsbrook,sscarsbrooka6@fastcompany.com,Female,1.172.157.54
368,Glenn,Burnhard,gburnharda7@lulu.com,Female,155.6.30.164
369,Eldon,Khoter,ekhotera8@dmoz.org,Male,188.192.213.72
370,Mechelle,Spadeck,mspadecka9@mac.com,Female,144.145.213.15
371,Arvy,Bowe,aboweaa@unblog.fr,Male,21.142.72.191
372,Persis,Blagdon,pblagdonab@google.pl,Female,198.5.198.74
373,Hamnet,Callingham,hcallinghamac@yelp.com,Male,81.246.174.164
374,Johnnie,Ensor,jensorad@deviantart.com,Male,6.106.157.248
375,Raynor,Ashborne,rashborneae@gmpg.org,Male,47.93.26.134
376,Bryce,Haxell,bhaxellaf@freewebs.com,Male,152.163.121.187
377,Kerwin,Gosforth,kgosforthag@mapquest.com,Male,185.245.244.12
378,Karrie,Daelman,kdaelmanah@statcounter.com,Female,166.180.230.163
379,Aindrea,Jeannesson,ajeannessonai@wikispaces.com,Female,70.79.223.18
380,Codee,Olohan,colohanaj@cnet.com,Female,143.224.243.79
381,Evyn,Arzu,earzuak@shutterfly.com,Male,57.208.20.131
382,Arley,Goldthorp,agoldthorpal@wufoo.com,Male,165.23.239.89
383,Louisa,Whacket,lwhacketam@europa.eu,Female,92.164.2.6
384,Stephie,Reaman,sreamanan@marketwatch.com,Female,37.240.189.106
385,Theresita,Read,treadao@scribd.com,Female,3.120.187.48
386,Kevan,Walsh,kwalshap@state.gov,Male,1.233.151.201
387,Ludovico,Chasemore,lchasemoreaq@smh.com.au,Male,0.227.222.146
388,Egbert,Bartolini,ebartoliniar@amazon.com,Male,100.154.87.216
389,Base,Squire,bsquireas@a8.net,Male,110.75.106.216
390,Alasdair,Cropper,acropperat@utexas.edu,Male,168.114.143.50
391,Kirsten,Coltman,kcoltmanau@sourceforge.net,Female,226.61.66.67
392,Jerad,Fidell,jfidellav@guardian.co.uk,Male,161.184.172.225
393,Aguistin,Gianolo,agianoloaw@pen.io,Male,167.105.218.228
394,Chrisy,Matignon,cmatignonax@fema.gov,Male,174.207.73.108
395,Andy,Rubenchik,arubenchikay@jalbum.net,Male,176.1.32.159
396,Tadeo,Nowick,tnowickaz@prweb.com,Male,43.198.226.243
397,Tonye,Jiggens,tjiggensb0@cyberchimps.com,Female,192.23.241.154
398,Abigail,Bineham,abinehamb1@jalbum.net,Female,72.206.228.175
399,Lenora,Pellant,lpellantb2@networksolutions.com,Female,247.76.126.124
400,Cassius,Oddboy,coddboyb3@ebay.com,Male,26.101.104.165
401,Walt,Matuszkiewicz,wmatuszkiewiczb4@aol.com,Male,243.18.132.149
402,Adelle,Inchbald,ainchbaldb5@list-manage.com,Female,15.93.36.186
403,Becca,Petrollo,bpetrollob6@51.la,Female,159.244.87.114
404,Dene,Probey,dprobeyb7@dedecms.com,Male,66.100.231.180
405,Fancy,Han,fhanb8@whitehouse.gov,Female,110.174.205.139
406,Keane,Stodd,kstoddb9@squarespace.com,Male,116.88.202.144
407,Lloyd,Crosi,lcrosiba@cdc.gov,Male,72.48.75.47
408,Haleigh,Ashplant,hashplantbb@washingtonpost.com,Male,87.105.54.175
409,Thain,Baum,tbaumbc@dyndns.org,Male,119.158.36.22
410,Nessi,Lilburn,nlilburnbd@cnn.com,Female,31.14.126.80
411,Alfredo,Gready,agreadybe@cargocollective.com,Male,192.76.98.56
412,Glenn,Gianulli,ggianullibf@is.gd,Male,47.34.159.27
413,Jerri,Sparke,jsparkebg@biblegateway.com,Male,16.30.89.25
414,Jackie,Tybalt,jtybaltbh@w3.org,Male,219.115.151.114
415,Gusella,Netherclift,gnethercliftbi@redcross.org,Female,147.157.101.242
416,Flin,Doherty,fdohertybj@dot.gov,Male,120.50.140.44
417,Lynne,Jacob,ljacobbk@ebay.com,Female,251.85.143.90
418,Siward,Folca,sfolcabl@ameblo.jp,Male,45.229.225.79
419,Lowrance,Berge,lbergebm@kickstarter.com,Male,155.42.246.86
420,Townie,Sorrie,tsorriebn@flickr.com,Male,0.198.224.70
421,Mona,Face,mfacebo@prweb.com,Female,238.240.235.139
422,Anton,Jennions,ajennionsbp@weibo.com,Male,238.169.80.219
423,Korrie,Pidwell,kpidwellbq@squarespace.com,Female,158.113.38.41
424,Dulcinea,Hasnney,dhasnneybr@bloomberg.com,Female,73.236.98.21
425,Terencio,Kindall,tkindallbs@apple.com,Male,116.194.231.252
426,Philbert,Hurton,phurtonbt@timesonline.co.uk,Male,134.126.140.128
427,Kati,Mold,kmoldbu@printfriendly.com,Female,20.195.18.152
428,Felizio,Epsley,fepsleybv@scribd.com,Male,107.106.18.243
429,Berkie,Hawk,bhawkbw@godaddy.com,Male,84.188.128.100
430,Oran,Goodfield,ogoodfieldbx@sitemeter.com,Male,97.230.181.146
431,Rowland,Schott,rschottby@reuters.com,Male,227.158.187.95
432,Nettle,Rogister,nrogisterbz@paypal.com,Female,152.150.59.235
433,Alicea,Ivanuschka,aivanuschkac0@amazon.co.uk,Female,148.117.4.182
434,Ansell,Mooring,amooringc1@webnode.com,Male,126.219.206.226
435,Dickie,Preddle,dpreddlec2@deliciousdays.com,Male,86.218.180.185
436,Stephannie,Rodmell,srodmellc3@google.co.jp,Female,140.124.130.181
437,Bryan,Grewe,bgrewec4@senate.gov,Male,65.201.217.249
438,Yevette,MacCallion,ymaccallionc5@wired.com,Female,19.91.32.22
439,Etienne,Devons,edevonsc6@sciencedaily.com,Male,95.74.138.190
440,Brockie,Ghiotto,bghiottoc7@examiner.com,Male,207.92.150.142
441,Danette,Mound,dmoundc8@discovery.com,Female,182.16.254.122
442,Stanleigh,McGing,smcgingc9@redcross.org,Male,215.204.127.242
443,Ruby,Minchinton,rminchintonca@nba.com,Male,130.60.46.169
444,Care,Airy,cairycb@mediafire.com,Male,157.32.32.29
445,Kip,Sawdy,ksawdycc@psu.edu,Male,156.137.76.95
446,Christiana,Ruggieri,cruggiericd@nytimes.com,Female,92.62.164.127
447,Helene,Spellessy,hspellessyce@forbes.com,Female,155.113.155.64
448,Dulce,Huyghe,dhuyghecf@chron.com,Female,208.248.23.125
449,Decca,Goodie,dgoodiecg@ucla.edu,Male,119.247.238.7
450,Anson,Linturn,alinturnch@icq.com,Male,212.166.14.201
451,Cart,Fritchley,cfritchleyci@taobao.com,Male,45.50.156.0
452,Percy,Northen,pnorthencj@usgs.gov,Male,42.213.61.53
453,Gerrie,Hawkeridge,ghawkeridgeck@home.pl,Male,26.111.158.14
454,Kathlin,Treske,ktreskecl@example.com,Female,38.255.190.232
455,Gordie,Brunsden,gbrunsdencm@youtube.com,Male,27.122.62.107
456,Eada,Greger,egregercn@skype.com,Female,201.179.210.32
457,Risa,Pringer,rpringerco@pagesperso-orange.fr,Female,152.184.83.223
458,Waldo,Carrivick,wcarrivickcp@cocolog-nifty.com,Male,156.54.30.22
459,Constantine,Speak,cspeakcq@comcast.net,Male,252.160.157.207
460,Thor,Tidmas,ttidmascr@eepurl.com,Male,107.137.46.18
461,Dennis,Antonio,dantoniocs@nps.gov,Male,53.26.240.10
462,Luise,Hryncewicz,lhryncewiczct@exblog.jp,Female,219.139.41.175
463,Aridatha,Le Houx,alehouxcu@twitpic.com,Female,20.5.101.142
464,Christopher,Denver,cdenvercv@ed.gov,Male,49.145.156.113
465,Weber,Lafee,wlafeecw@archive.org,Male,67.79.243.137
466,Josephina,Domeny,jdomenycx@mapquest.com,Female,44.3.115.158
467,Analise,Gerding,agerdingcy@jimdo.com,Female,42.137.28.249
468,Micky,Kayes,mkayescz@shop-pro.jp,Female,179.105.126.222
469,Dani,Rocco,droccod0@weebly.com,Male,188.125.70.223
470,Janessa,Wooder,jwooderd1@cloudflare.com,Female,107.43.41.219
471,Gwyn,Fuidge,gfuidged2@fc2.com,Female,159.136.47.159
472,Karlik,Danniell,kdannielld3@toplist.cz,Male,156.136.84.13
473,Gottfried,Cockrem,gcockremd4@earthlink.net,Male,128.117.104.118
474,Saunderson,Yantsev,syantsevd5@kickstarter.com,Male,179.65.196.153
475,Matelda,Josskoviz,mjosskovizd6@mozilla.com,Female,229.92.167.19
476,Frasier,Tomet,ftometd7@google.ru,Male,38.242.212.157
477,Dallon,Booton,dbootond8@tinyurl.com,Male,164.40.65.84
478,Marcelline,Newberry,mnewberryd9@scribd.com,Female,149.113.118.78
479,Stella,Kettell,skettellda@weibo.com,Female,196.50.146.145
480,Avis,Venners,avennersdb@washingtonpost.com,Female,154.131.142.31
481,Petrina,Mayzes,pmayzesdc@stanford.edu,Female,151.183.41.166
482,Chantalle,Reeme,creemedd@washington.edu,Female,44.5.6.195
483,Lindsey,Surmeir,lsurmeirde@discovery.com,Female,94.68.128.197
484,Gabriela,Doorey,gdooreydf@ebay.co.uk,Female,170.6.249.33
485,Evvy,Mose,emosedg@cdbaby.com,Female,218.5.71.162
486,Deb,Giffkins,dgiffkinsdh@chicagotribune.com,Female,82.59.24.198
487,Ramsay,Collcott,rcollcottdi@yale.edu,Male,103.89.66.201
488,Marlena,Kimbury,mkimburydj@theglobeandmail.com,Female,7.234.135.30
489,Flinn,Summersett,fsummersettdk@toplist.cz,Male,17.109.62.46
490,Garvey,Amphlett,gamphlettdl@reverbnation.com,Male,126.168.109.100
491,Alaster,Barhems,abarhemsdm@wikimedia.org,Male,225.188.148.42
492,Annabelle,Bulward,abulwarddn@plala.or.jp,Female,227.2.199.145
493,Susy,Knowler,sknowlerdo@unicef.org,Female,104.128.105.211
494,Kathy,Hartless,khartlessdp@homestead.com,Female,94.14.136.207
495,Sergio,Vigors,svigorsdq@huffingtonpost.com,Male,92.133.160.132
496,Afton,Bold,abolddr@dion.ne.jp,Female,242.204.131.77
497,Parker,Glacken,pglackends@mashable.com,Male,97.127.74.255
498,Kaja,Copnar,kcopnardt@mashable.com,Female,133.186.127.84
499,Janeczka,Pietruszka,jpietruszkadu@shinystat.com,Female,221.120.203.73
500,Ava,Hardin,ahardindv@hubpages.com,Female,199.175.72.59
501,Orazio,Dormon,odormondw@squidoo.com,Male,171.190.185.196
502,Laurena,Antuoni,lantuonidx@slideshare.net,Female,114.207.69.17
503,Philip,Mougin,pmougindy@reference.com,Male,142.121.175.119
504,Dehlia,Leydon,dleydondz@opera.com,Female,33.12.44.207
505,Dar,Mandy,dmandye0@github.io,Male,71.90.149.231
506,Kevon,Goodrick,kgoodricke1@amazon.co.uk,Male,75.228.109.26
507,Ephraim,Antyshev,eantysheve2@sfgate.com,Male,77.228.194.41
508,Leeanne,Baterip,lbateripe3@yelp.com,Female,116.201.200.41
509,Alison,Hake,ahakee4@ow.ly,Female,182.2.103.41
510,Chelsie,Griffithe,cgriffithee5@ameblo.jp,Female,181.97.209.47
511,Ewell,Hebner,ehebnere6@archive.org,Male,72.150.124.190
512,Keane,Butson,kbutsone7@prnewswire.com,Male,247.116.103.152
513,Brandy,Atteridge,batteridgee8@yahoo.com,Female,120.207.164.202
514,Lanae,Runnett,lrunnette9@flickr.com,Female,194.99.134.253
515,Jaine,Bilverstone,jbilverstoneea@forbes.com,Female,97.48.153.162
516,Mirella,Koubu,mkoubueb@webs.com,Female,103.245.207.132
517,Linea,Collingdon,lcollingdonec@cbslocal.com,Female,108.192.16.9
518,Trenton,Danks,tdanksed@ox.ac.uk,Male,165.137.193.75
519,Luce,Woollam,lwoollamee@cnn.com,Male,40.247.230.189
520,Earvin,Sekulla,esekullaef@twitpic.com,Male,181.107.184.29
521,Lacee,Paice,lpaiceeg@nymag.com,Female,157.139.101.37
522,Kanya,Lavell,klavelleh@flavors.me,Female,100.253.43.134
523,Baillie,McNysche,bmcnyscheei@spiegel.de,Male,217.21.127.230
524,Normie,Fitzharris,nfitzharrisej@smh.com.au,Male,170.43.93.65
525,Noni,Palfreyman,npalfreymanek@msn.com,Female,201.191.22.124
526,Lusa,Iacoboni,liacoboniel@soup.io,Female,163.21.49.210
527,Gamaliel,O' Culligan,goculliganem@marriott.com,Male,2.164.121.218
528,Shaun,Antrag,santragen@shop-pro.jp,Female,208.204.12.229
529,Hermione,Janousek,hjanousekeo@shutterfly.com,Female,182.181.19.36
530,Jimmy,Cinavas,jcinavasep@newsvine.com,Male,55.95.130.242
531,Graehme,Guite,gguiteeq@infoseek.co.jp,Male,163.212.252.59
532,Candace,Epilet,cepileter@newyorker.com,Female,33.22.161.237
533,Christian,Lahrs,clahrses@multiply.com,Male,127.147.55.226
534,Charil,Wayper,cwayperet@sun.com,Female,53.20.175.52
535,Anthe,Duckels,aduckelseu@unc.edu,Female,225.22.89.249
536,Falkner,Fernier,ffernierev@google.es,Male,94.186.228.235
537,Ty,Brosetti,tbrosettiew@theatlantic.com,Male,103.86.29.200
538,Johnathon,Dollard,jdollardex@tuttocitta.it,Male,115.171.20.104
539,Den,Headly,dheadlyey@friendfeed.com,Male,185.69.116.145
540,Barn,Ballinger,bballingerez@mtv.com,Male,33.233.91.165
541,Ethelred,Alldread,ealldreadf0@ameblo.jp,Male,130.69.167.91
542,Krissy,Digges,kdiggesf1@google.cn,Female,73.151.125.46
543,Scarface,Ellif,selliff2@gravatar.com,Male,224.41.89.30
544,Fanechka,Jendas,fjendasf3@fc2.com,Female,171.137.89.249
545,Eddy,Rannie,erannief4@icq.com,Male,164.23.225.92
546,Adolf,Jakobssen,ajakobssenf5@sfgate.com,Male,72.176.99.73
547,Libbie,Godsil,lgodsilf6@earthlink.net,Female,52.224.180.112
548,Ammamaria,Simonot,asimonotf7@deliciousdays.com,Female,192.36.3.121
549,Dermot,Road,droadf8@foxnews.com,Male,253.1.110.86
550,Fabe,McVee,fmcveef9@ebay.com,Male,197.122.135.60
551,Valentina,Shapira,vshapirafa@ebay.co.uk,Female,248.74.200.121
552,Miltie,Mockes,mmockesfb@comcast.net,Male,140.100.162.217
553,Ola,Foan,ofoanfc@oracle.com,Female,20.172.23.113
554,Jackie,Marrow,jmarrowfd@dailymail.co.uk,Male,124.134.191.176
555,Ed,Royce,eroycefe@boston.com,Male,161.77.44.159
556,Harlen,Foskew,hfoskewff@issuu.com,Male,124.106.244.183
557,Ringo,Wigfall,rwigfallfg@dell.com,Male,27.220.200.103
558,Susanne,Jennings,sjenningsfh@prweb.com,Female,150.40.103.112
559,Ruddie,Heaselgrave,rheaselgravefi@rediff.com,Male,95.2.107.118
560,Carson,Wife,cwifefj@xrea.com,Male,199.9.164.203
561,Mellie,McLeese,mmcleesefk@sogou.com,Female,95.107.131.14
562,Ernesto,Jewster,ejewsterfl@sina.com.cn,Male,57.193.170.193
563,Sabrina,Mahony,smahonyfm@scientificamerican.com,Female,13.65.60.188
564,Celie,Coyish,ccoyishfn@weather.com,Female,144.94.189.158
565,Koo,Jobke,kjobkefo@lulu.com,Female,138.243.218.42
566,Sarge,Speechley,sspeechleyfp@vinaora.com,Male,219.148.212.109
567,Marielle,Recher,mrecherfq@archive.org,Female,140.201.11.53
568,Janeen,Horley,jhorleyfr@soup.io,Female,169.250.49.210
569,Dov,Gonnely,dgonnelyfs@omniture.com,Male,153.82.170.24
570,Randi,Whatsize,rwhatsizeft@usa.gov,Female,20.29.189.154
571,Aldon,Melsom,amelsomfu@webs.com,Male,183.6.216.147
572,Carter,Ablitt,cablittfv@blogtalkradio.com,Male,85.221.141.248
573,Jamie,Shelsher,jshelsherfw@bloomberg.com,Female,89.136.108.135
574,Malinde,Alexandrescu,malexandrescufx@shop-pro.jp,Female,20.133.65.121
575,Luke,Ruslin,lruslinfy@forbes.com,Male,218.105.212.137
576,Brunhilda,Fould,bfouldfz@yellowbook.com,Female,77.183.72.125
577,Godfrey,Heskin,ghesking0@cbc.ca,Male,161.20.27.201
578,Karil,Divis,kdivisg1@oracle.com,Female,178.60.66.33
579,Alameda,Grasha,agrashag2@clickbank.net,Female,105.71.143.38
580,Zacharie,Mirando,zmirandog3@people.com.cn,Male,71.12.50.243
581,Thibaut,Fronzek,tfronzekg4@tinyurl.com,Male,245.47.243.150
582,Brenna,Osant,bosantg5@sphinn.com,Female,171.86.75.61
583,Orsola,Dyos,odyosg6@nhs.uk,Female,11.236.128.187
584,Perceval,Challener,pchallenerg7@icio.us,Male,156.205.238.194
585,Fons,Tropman,ftropmang8@miibeian.gov.cn,Male,33.72.16.255
586,Ellerey,Calverd,ecalverdg9@google.de,Male,71.50.90.119
587,Rachele,De Roeck,rderoeckga@google.co.uk,Female,109.189.47.1
588,Dasha,Teasell,dteasellgb@marketwatch.com,Female,21.141.107.143
589,Carolyn,Reuben,creubengc@springer.com,Female,6.201.9.186
590,Hurlee,Brauns,hbraunsgd@nhs.uk,Male,212.237.63.22
591,Erroll,Gledstane,egledstanege@ted.com,Male,0.79.62.255
592,Gwyneth,Trueman,gtruemangf@addtoany.com,Female,42.247.96.18
593,Dorette,Broome,dbroomegg@google.ca,Female,37.239.108.104
594,Diahann,Heining,dheininggh@dmoz.org,Female,29.58.90.58
595,Cassi,Gerkens,cgerkensgi@toplist.cz,Female,236.205.235.105
596,Beltran,Cumo,bcumogj@parallels.com,Male,254.141.78.136
597,Timmy,Carthy,tcarthygk@accuweather.com,Female,46.29.235.212
598,Winna,Beretta,wberettagl@wikia.com,Female,10.215.16.200
599,Garvy,Gable,ggablegm@google.ca,Male,173.236.61.9
600,Antonietta,O'Grogane,aogroganegn@istockphoto.com,Female,237.194.157.40
601,Yvor,Piell,ypiellgo@wikispaces.com,Male,130.238.32.82
602,Mateo,McGraw,mmcgrawgp@samsung.com,Male,186.49.46.215
603,Westleigh,Piatkow,wpiatkowgq@umich.edu,Male,118.91.163.195
604,Bryn,Clint,bclintgr@paypal.com,Female,52.201.117.228
605,Moyna,Schimon,mschimongs@miibeian.gov.cn,Female,119.0.9.156
606,Sonni,Buckam,sbuckamgt@mediafire.com,Female,186.189.120.176
607,Melony,Cholonin,mcholoningu@xrea.com,Female,240.207.221.7
608,Travus,Lismer,tlismergv@mit.edu,Male,55.71.172.133
609,Aaron,Tewelson,atewelsongw@engadget.com,Male,197.87.196.100
610,Micah,Pigott,mpigottgx@stumbleupon.com,Male,198.210.197.245
611,Fedora,Neal,fnealgy@drupal.org,Female,40.165.200.94
612,Banky,Blader,bbladergz@cnbc.com,Male,93.83.203.50
613,Kain,Hannant,khannanth0@jimdo.com,Male,7.71.161.151
614,Ryan,Matteris,rmatterish1@youtube.com,Male,228.127.145.170
615,Klarika,Whittock,kwhittockh2@sogou.com,Female,63.112.87.30
616,Austine,Jiruca,ajirucah3@technorati.com,Female,236.144.116.114
617,Violet,Sterry,vsterryh4@tumblr.com,Female,171.22.19.157
618,Benedicto,Glantz,bglantzh5@loc.gov,Male,218.174.196.3
619,Sisely,Philipot,sphilipoth6@instagram.com,Female,49.249.145.185
620,Victor,Rydzynski,vrydzynskih7@a8.net,Male,83.20.129.101
621,Datha,Brockwell,dbrockwellh8@altervista.org,Female,116.166.150.245
622,Judd,Blackleech,jblackleechh9@xinhuanet.com,Male,70.227.83.59
623,Portie,Tante,ptanteha@cisco.com,Male,240.73.20.244
624,Sherie,Gleadhell,sgleadhellhb@xrea.com,Female,179.203.113.221
625,Bobbette,Lulham,blulhamhc@a8.net,Female,63.112.141.181
626,Yorke,Greenshiels,ygreenshielshd@netscape.com,Male,38.42.215.11
627,Man,Booij,mbooijhe@hhs.gov,Male,30.41.72.103
628,Collie,Alvy,calvyhf@nps.gov,Female,116.109.41.176
629,Jackie,Lanfear,jlanfearhg@economist.com,Male,228.224.69.216
630,Rosalinda,Houlden,rhouldenhh@mashable.com,Female,201.8.115.131
631,Dominic,Swindin,dswindinhi@sourceforge.net,Male,227.241.109.7
632,Marys,Halliday,mhallidayhj@dmoz.org,Female,215.70.14.142
633,Brunhilda,Sibbet,bsibbethk@un.org,Female,116.194.89.41
634,Elliott,Debill,edebillhl@uol.com.br,Male,185.198.169.27
635,Marin,Sushams,msushamshm@usatoday.com,Female,53.62.22.179
636,Veradis,Rowena,vrowenahn@soundcloud.com,Female,68.59.231.152
637,Igor,Ladewig,iladewigho@cdc.gov,Male,92.184.182.79
638,Fair,Mulrenan,fmulrenanhp@bandcamp.com,Male,52.8.159.139
639,Rabi,Kleinber,rkleinberhq@webnode.com,Male,171.31.46.169
640,Marigold,Torns,mtornshr@netlog.com,Female,65.113.231.46
641,Silvanus,Bott,sbotths@xing.com,Male,16.147.207.152
642,Clarice,Van Der Weedenburg,cvanderweedenburght@homestead.com,Female,38.31.29.86
643,Cassandry,Ingyon,cingyonhu@cbslocal.com,Female,114.182.162.190
644,Cami,Goldthorpe,cgoldthorpehv@wikia.com,Female,65.119.91.62
645,Carlotta,Joice,cjoicehw@photobucket.com,Female,179.255.181.168
646,Patrica,Cockburn,pcockburnhx@prweb.com,Female,160.81.68.173
647,Kerrie,Grasha,kgrashahy@biglobe.ne.jp,Female,187.25.160.212
648,Solomon,Sackler,ssacklerhz@desdev.cn,Male,78.28.2.129
649,Ludvig,Sculpher,lsculpheri0@oakley.com,Male,175.252.106.92
650,Fonzie,Havvock,fhavvocki1@google.com.br,Male,137.93.249.134
651,Filippo,Gherardelli,fgherardellii2@omniture.com,Male,65.252.156.61
652,Bride,Stimson,bstimsoni3@slate.com,Female,11.163.193.45
653,Antin,Yglesia,ayglesiai4@answers.com,Male,235.133.22.59
654,Lethia,Peel,lpeeli5@cdbaby.com,Female,200.231.12.73
655,Tracee,Crease,tcreasei6@rambler.ru,Female,119.85.80.109
656,Sascha,McGorley,smcgorleyi7@histats.com,Male,17.212.73.39
657,Elva,McCotter,emccotteri8@freewebs.com,Female,69.139.109.17
658,Shel,Clemencet,sclemenceti9@scribd.com,Female,229.198.14.61
659,Adrian,Mulqueen,amulqueenia@fc2.com,Male,150.213.62.118
660,Payton,Thurnham,pthurnhamib@cpanel.net,Male,181.205.131.197
661,Farris,Plak,fplakic@fastcompany.com,Male,95.140.172.223
662,Temp,Clemenson,tclemensonid@istockphoto.com,Male,99.14.29.155
663,Mauricio,De Caville,mdecavilleie@squarespace.com,Male,179.253.211.186
664,Annabela,Vidyapin,avidyapinif@fc2.com,Female,78.78.143.0
665,Grantley,Timmins,gtimminsig@free.fr,Male,152.157.40.27
666,Shawn,Byneth,sbynethih@marketwatch.com,Female,25.113.167.188
667,Taffy,Dessant,tdessantii@cyberchimps.com,Female,171.198.139.183
668,Filberto,Droghan,fdroghanij@bbb.org,Male,215.132.31.120
669,Bern,Eggar,beggarik@flickr.com,Male,178.179.73.188
670,Jake,Bramsen,jbramsenil@kickstarter.com,Male,238.98.25.106
671,Callie,Aleshkov,caleshkovim@chicagotribune.com,Female,137.130.124.202
672,Neils,Pauwel,npauwelin@sourceforge.net,Male,150.245.54.219
673,Royal,Fellibrand,rfellibrandio@behance.net,Male,98.105.57.237
674,Ailbert,Kinavan,akinavanip@prlog.org,Male,106.213.46.207
675,Nance,Mundell,nmundelliq@mayoclinic.com,Female,164.126.181.22
676,Robinetta,Wardington,rwardingtonir@networkadvertising.org,Female,198.208.46.44
677,Rahel,Gofford,rgoffordis@jugem.jp,Female,140.186.213.105
678,Vincenz,Fenby,vfenbyit@domainmarket.com,Male,27.158.152.41
679,Bertrando,Tethacot,btethacotiu@csmonitor.com,Male,36.119.160.128
680,Rivkah,Woodburne,rwoodburneiv@bandcamp.com,Female,161.177.88.134
681,Bordy,Penrice,bpenriceiw@toplist.cz,Male,151.183.69.127
682,Bibbie,Perch,bperchix@tinyurl.com,Female,157.255.97.119
683,Abby,Scotchmor,ascotchmoriy@spotify.com,Male,145.223.49.121
684,Karlan,Lanceter,klanceteriz@mozilla.com,Male,86.153.8.93
685,Gerrard,Maplethorp,gmaplethorpj0@blogs.com,Male,164.245.197.192
686,Haze,De Fries,hdefriesj1@upenn.edu,Male,158.175.244.220
687,Dee dee,Kimmins,dkimminsj2@zdnet.com,Female,82.116.130.159
688,Michel,Antognoni,mantognonij3@google.co.uk,Female,33.67.212.85
689,Kittie,Valti,kvaltij4@utexas.edu,Female,126.150.210.239
690,Hedi,Hanselmann,hhanselmannj5@ow.ly,Female,245.51.53.4
691,Delora,Brabin,dbrabinj6@nbcnews.com,Female,135.34.53.163
692,Valera,Fritz,vfritzj7@nyu.edu,Female,81.105.131.20
693,Humbert,Cannavan,hcannavanj8@wikimedia.org,Male,120.108.196.27
694,Elsworth,Ghioni,eghionij9@bing.com,Male,72.60.62.142
695,Cherin,Josephoff,cjosephoffja@wufoo.com,Female,215.119.12.158
696,Bendick,Cumberledge,bcumberledgejb@rediff.com,Male,90.112.122.247
697,Bastian,McMahon,bmcmahonjc@ftc.gov,Male,56.70.243.49
698,Flory,Carletto,fcarlettojd@addthis.com,Male,156.137.43.195
699,Paten,Flear,pflearje@jimdo.com,Male,56.148.177.76
700,Demetri,Folkerts,dfolkertsjf@prnewswire.com,Male,83.248.102.161
701,Delmer,Furlonge,dfurlongejg@squarespace.com,Male,220.235.134.94
702,Zelma,Hatchard,zhatchardjh@latimes.com,Female,193.231.49.15
703,Ivar,Sprasen,isprasenji@un.org,Male,160.231.245.21
704,Hewet,Huriche,hhurichejj@fastcompany.com,Male,75.241.221.192
705,Bryn,O'Hollegan,boholleganjk@apache.org,Male,115.184.123.11
706,Maritsa,Plunkett,mplunkettjl@nydailynews.com,Female,66.91.47.238
707,Timoteo,Townend,ttownendjm@irs.gov,Male,7.80.240.143
708,Keven,Fillgate,kfillgatejn@bluehost.com,Male,33.218.159.246
709,Claire,Windley,cwindleyjo@yale.edu,Male,12.246.176.161
710,Francis,Thoms,fthomsjp@apple.com,Male,37.138.9.47
711,Rivalee,Candey,rcandeyjq@sourceforge.net,Female,109.142.143.60
712,Cathryn,Greenhowe,cgreenhowejr@bbb.org,Female,42.249.102.106
713,Reynold,Fairleigh,rfairleighjs@aol.com,Male,68.248.61.123
714,Efren,Narraway,enarrawayjt@t.co,Male,186.195.240.14
715,Fanchette,Stringman,fstringmanju@lycos.com,Female,234.170.238.164
716,Julissa,Trim,jtrimjv@epa.gov,Female,95.5.50.28
717,Gregor,Vasse,gvassejw@archive.org,Male,163.204.29.14
718,Merrielle,Leeming,mleemingjx@cbslocal.com,Female,139.81.135.93
719,Emmit,Ferrario,eferrariojy@1und1.de,Male,59.58.128.113
720,Demetra,Menico,dmenicojz@ebay.com,Female,189.134.21.235
721,Redd,Ewdale,rewdalek0@amazon.com,Male,141.82.88.65
722,Beryle,Leitch,bleitchk1@bandcamp.com,Female,29.150.82.178
723,Fallon,Passion,fpassionk2@hostgator.com,Female,88.228.175.214
724,Dunstan,Woodger,dwoodgerk3@yelp.com,Male,230.207.24.102
725,Maggee,Hambers,mhambersk4@geocities.com,Female,171.13.131.99
726,Klarrisa,Slark,kslarkk5@redcross.org,Female,142.130.130.4
727,Yule,Barfford,ybarffordk6@blogs.com,Male,120.250.134.155
728,Filippa,Bernolet,fbernoletk7@twitter.com,Female,225.252.9.31
729,Frasco,Santoro,fsantorok8@moonfruit.com,Male,41.95.70.44
730,Norby,Mosedale,nmosedalek9@whitehouse.gov,Male,70.247.167.146
731,Lowe,Garton,lgartonka@deviantart.com,Male,56.209.210.103
732,Caresse,Fitchett,cfitchettkb@nationalgeographic.com,Female,248.67.218.120
733,Aliza,Crighten,acrightenkc@tinyurl.com,Female,74.134.54.25
734,Arnaldo,Raxworthy,araxworthykd@freewebs.com,Male,164.250.232.124
735,Zachary,Glasebrook,zglasebrookke@issuu.com,Male,171.115.223.175
736,Mohandis,d'Escoffier,mdescoffierkf@yandex.ru,Male,65.26.66.151
737,Valina,Collinge,vcollingekg@rambler.ru,Female,69.208.26.65
738,Loraine,Fairpo,lfairpokh@qq.com,Female,95.35.101.40
739,Vickie,Gittus,vgittuski@mediafire.com,Female,139.249.75.74
740,Patin,Normabell,pnormabellkj@apache.org,Male,132.91.151.108
741,Guntar,Klainman,gklainmankk@desdev.cn,Male,195.57.132.174
742,Rae,Jex,rjexkl@about.com,Female,226.45.35.143
743,Dannie,Bidgood,dbidgoodkm@usatoday.com,Male,211.73.182.101
744,Chaddy,Scannell,cscannellkn@economist.com,Male,8.144.123.75
745,Karalynn,Lacaze,klacazeko@wp.com,Female,35.49.93.30
746,Isador,Yearn,iyearnkp@simplemachines.org,Male,34.41.67.236
747,Sabra,Layburn,slayburnkq@stumbleupon.com,Female,196.114.5.178
748,Claudius,Crick,ccrickkr@theguardian.com,Male,254.80.206.171
749,Graehme,Jewise,gjewiseks@salon.com,Male,33.5.106.66
750,Swen,Cockshtt,scockshttkt@storify.com,Male,213.235.187.220
751,Verina,Troppmann,vtroppmannku@bing.com,Female,56.195.232.51
752,Brigit,Python,bpythonkv@unesco.org,Female,107.167.74.109
753,Talyah,McNea,tmcneakw@sina.com.cn,Female,249.56.88.137
754,Benjy,Malafe,bmalafekx@weather.com,Male,63.152.102.68
755,Calhoun,Gigg,cgiggky@360.cn,Male,228.118.217.125
756,Kerwin,Baldock,kbaldockkz@ebay.com,Male,243.113.181.24
757,Ravi,Acton,ractonl0@joomla.org,Male,230.116.71.214
758,Rogers,Skentelbery,rskentelberyl1@eventbrite.com,Male,161.98.39.176
759,Fair,Klicher,fklicherl2@discuz.net,Male,52.172.208.29
760,Dan,Eric,dericl3@miibeian.gov.cn,Male,56.168.108.51
761,Roma,Marson,rmarsonl4@answers.com,Male,135.94.98.43
762,Lindsay,Harkins,lharkinsl5@wufoo.com,Male,153.138.97.207
763,Ibbie,Duffrie,iduffriel6@cnbc.com,Female,28.187.89.86
764,Michelina,Beloe,mbeloel7@sitemeter.com,Female,238.203.89.198
765,Georgena,Jindacek,gjindacekl8@mysql.com,Female,176.151.205.146
766,Junette,Nezey,jnezeyl9@dmoz.org,Female,207.156.82.215
767,Peyton,Handling,phandlingla@patch.com,Male,219.214.123.86
768,Torin,Kewley,tkewleylb@mysql.com,Male,238.173.177.95
769,Kelli,Feary,kfearylc@e-recht24.de,Female,5.77.136.237
770,Worden,Poad,wpoadld@disqus.com,Male,86.101.222.99
771,Randy,Bille,rbillele@techcrunch.com,Male,96.34.49.61
772,Hilliard,O'Donoghue,hodonoghuelf@ning.com,Male,205.222.164.139
773,Germain,Boate,gboatelg@blogs.com,Male,7.5.145.131
774,Hoebart,Gelardi,hgelardilh@newsvine.com,Male,15.16.49.244
775,Diandra,Fynn,dfynnli@globo.com,Female,43.88.143.209
776,Nels,Norris,nnorrislj@java.com,Male,106.200.113.168
777,Francois,Force,fforcelk@ucla.edu,Male,61.223.243.150
778,Fernandina,Hawket,fhawketll@sitemeter.com,Female,123.15.22.40
779,Kit,Ickovits,kickovitslm@europa.eu,Male,215.253.129.108
780,Morissa,Somerscales,msomerscalesln@netlog.com,Female,99.240.169.54
781,Elfrieda,Burnett,eburnettlo@unicef.org,Female,43.79.141.30
782,Sunny,Macconachy,smacconachylp@uiuc.edu,Female,6.254.69.211
783,Leonidas,Batrip,lbatriplq@noaa.gov,Male,146.27.0.116
784,Claire,Brewitt,cbrewittlr@weather.com,Male,103.119.45.10
785,Zacherie,Jewess,zjewessls@parallels.com,Male,147.14.181.83
786,Donetta,Gottelier,dgottelierlt@intel.com,Female,129.21.247.158
787,Emily,Easom,eeasomlu@shop-pro.jp,Female,69.12.254.52
788,Nicolas,Taggett,ntaggettlv@smugmug.com,Male,132.104.28.219
789,Lynett,Yukhin,lyukhinlw@angelfire.com,Female,228.252.30.186
790,Jsandye,Furzer,jfurzerlx@yandex.ru,Female,223.11.32.125
791,Corny,Purse,cpursely@linkedin.com,Female,127.43.204.28
792,Sarge,Gerrit,sgerritlz@mysql.com,Male,87.69.37.190
793,Anton,Clubley,aclubleym0@github.io,Male,149.124.250.171
794,Ivie,Rizziello,irizziellom1@samsung.com,Female,133.153.142.48
795,Lorrayne,Feathers,lfeathersm2@indiatimes.com,Female,166.99.64.149
796,Moe,Petran,mpetranm3@newyorker.com,Male,47.102.133.20
797,Parry,Jedrysik,pjedrysikm4@mit.edu,Male,65.55.242.149
798,Allissa,Hasnip,ahasnipm5@google.pl,Female,85.45.112.203
799,Frazier,Twigley,ftwigleym6@vk.com,Male,46.99.193.216
800,Kalle,Arp,karpm7@jimdo.com,Male,32.250.222.5
801,Emelyne,Bretelle,ebretellem8@mysql.com,Female,120.192.61.185
802,Grove,Halsey,ghalseym9@wiley.com,Male,205.95.26.3
803,Rodger,Butteris,rbutterisma@theatlantic.com,Male,90.146.230.121
804,Torey,Soltan,tsoltanmb@moonfruit.com,Female,251.249.1.240
805,Eloisa,Limmer,elimmermc@businessweek.com,Female,114.220.76.96
806,Kit,Baptie,kbaptiemd@bigcartel.com,Male,168.72.171.145
807,Noella,Kulvear,nkulvearme@unblog.fr,Female,106.68.43.142
808,Claudianus,Bazylets,cbazyletsmf@canalblog.com,Male,135.241.59.44
809,Lori,Pedri,lpedrimg@dell.com,Female,102.160.208.25
810,Rex,Eberdt,reberdtmh@google.com.br,Male,234.123.142.101
811,Aubert,Cahalin,acahalinmi@phoca.cz,Male,1.87.24.220
812,Hakeem,Brilleman,hbrillemanmj@ycombinator.com,Male,17.78.13.153
813,Brigham,Pryke,bprykemk@newyorker.com,Male,56.47.245.230
814,Nikola,Arniz,narnizml@msn.com,Male,217.227.44.34
815,Salomon,Julien,sjulienmm@php.net,Male,206.206.94.124
816,Claiborne,Imeson,cimesonmn@vinaora.com,Male,87.132.207.73
817,Blake,Cutridge,bcutridgemo@slideshare.net,Male,211.105.175.212
818,Reinald,MacRonald,rmacronaldmp@squarespace.com,Male,250.226.218.70
819,Denver,Schultz,dschultzmq@dagondesign.com,Male,33.222.22.200
820,Prisca,Rens,prensmr@businessinsider.com,Female,4.207.187.196
821,Karney,Hackly,khacklyms@gnu.org,Male,247.224.69.233
822,Kippie,Mathieu,kmathieumt@youtube.com,Male,47.162.120.47
823,Josefina,Gilpin,jgilpinmu@shinystat.com,Female,142.77.239.52
824,Hayden,Ianizzi,hianizzimv@google.de,Male,90.126.108.51
825,Owen,Echelle,oechellemw@bizjournals.com,Male,192.144.205.132
826,Livy,Renowden,lrenowdenmx@dyndns.org,Female,133.166.167.64
827,Valle,Tetsall,vtetsallmy@slashdot.org,Male,192.53.226.191
828,Rice,Shermore,rshermoremz@google.co.jp,Male,187.57.4.215
829,Maye,Govern,mgovernn0@drupal.org,Female,42.148.188.91
830,Wyatan,Union,wunionn1@timesonline.co.uk,Male,59.177.46.155
831,Elisabeth,Warboys,ewarboysn2@macromedia.com,Female,76.87.70.253
832,Avie,Farnill,afarnilln3@instagram.com,Female,115.237.88.43
833,Domenico,Gunda,dgundan4@blogspot.com,Male,194.133.211.23
834,Nevile,Showalter,nshowaltern5@delicious.com,Male,187.90.214.188
835,Moritz,Prys,mprysn6@craigslist.org,Male,35.236.88.126
836,Auguste,Ormrod,aormrodn7@google.com.au,Female,136.121.237.211
837,Ogdan,Beals,obealsn8@pen.io,Male,97.165.187.0
838,Loree,Slowan,lslowann9@amazon.co.uk,Female,229.173.244.185
839,Murry,Phillip,mphillipna@booking.com,Male,109.232.34.209
840,Analise,MacTrustram,amactrustramnb@wix.com,Female,148.184.142.80
841,Ceciley,Brambill,cbrambillnc@timesonline.co.uk,Female,236.201.1.33
842,Bayard,Jager,bjagernd@weebly.com,Male,163.40.4.241
843,Ian,Walster,iwalsterne@guardian.co.uk,Male,11.117.202.253
844,Tammie,Euesden,teuesdennf@telegraph.co.uk,Male,26.183.94.29
845,Ax,Giddings,agiddingsng@soup.io,Male,97.99.249.42
846,Jacklyn,Rahlof,jrahlofnh@microsoft.com,Female,158.80.103.211
847,Kristoforo,Iacovini,kiacovinini@behance.net,Male,54.113.179.116
848,Sutherland,Sinclar,ssinclarnj@youtube.com,Male,11.250.68.161
849,Jan,Newlan,jnewlannk@sitemeter.com,Male,61.217.175.57
850,Maurise,Stuckey,mstuckeynl@posterous.com,Female,68.226.196.116
851,Diego,Bevar,dbevarnm@cargocollective.com,Male,213.106.112.83
852,Constance,Wabersich,cwabersichnn@smugmug.com,Female,238.192.8.128
853,Rhodie,Coper,rcoperno@ucoz.ru,Female,248.195.169.173
854,Jessika,Larkins,jlarkinsnp@trellian.com,Female,173.102.12.119
855,Donal,Sibthorpe,dsibthorpenq@flickr.com,Male,206.102.163.102
856,Anson,Keyden,akeydennr@zdnet.com,Male,72.217.83.85
857,Edmon,Boxen,eboxenns@edublogs.org,Male,112.26.203.168
858,Parnell,Cutill,pcutillnt@ibm.com,Male,28.35.55.34
859,Correy,Estevez,cesteveznu@360.cn,Female,226.38.209.192
860,Lil,Slucock,lslucocknv@newyorker.com,Female,30.171.234.195
861,Emalia,Smullen,esmullennw@hao123.com,Female,9.216.255.156
862,Ruby,Ferentz,rferentznx@msn.com,Male,58.149.65.143
863,Brooke,Brommage,bbrommageny@auda.org.au,Female,70.208.181.246
864,Mariya,Roz,mroznz@1688.com,Female,68.48.225.57
865,Andeee,Trew,atrewo0@nytimes.com,Female,40.196.147.206
866,Beatriz,Mussen,bmusseno1@technorati.com,Female,203.159.239.57
867,Gwendolyn,Sharman,gsharmano2@epa.gov,Female,247.35.52.18
868,Rabi,Balm,rbalmo3@va.gov,Male,250.17.135.216
869,Faulkner,Matisse,fmatisseo4@columbia.edu,Male,245.204.92.199
870,Lorne,Pawlowicz,lpawlowiczo5@goodreads.com,Female,149.244.171.68
871,Dulciana,Isenor,disenoro6@spotify.com,Female,232.33.190.153
872,Ulick,Lipscombe,ulipscombeo7@last.fm,Male,115.171.114.106
873,Quintin,Harvey,qharveyo8@webs.com,Male,230.19.186.105
874,Halli,Kleinfeld,hkleinfeldo9@google.es,Female,46.110.69.217
875,Fin,Pietrusiak,fpietrusiakoa@utexas.edu,Male,88.177.238.212
876,Fidelio,Boatwright,fboatwrightob@networkadvertising.org,Male,241.145.171.60
877,Wesley,Murt,wmurtoc@hhs.gov,Male,149.230.83.101
878,Estrellita,Porch,eporchod@cmu.edu,Female,220.224.113.62
879,Taber,Hounsom,thounsomoe@microsoft.com,Male,168.208.240.230
880,Zebedee,Brockie,zbrockieof@wordpress.com,Male,220.17.192.117
881,Joline,Rider,jriderog@tamu.edu,Female,51.187.115.89
882,Hanan,Tippett,htippettoh@rediff.com,Male,157.67.175.182
883,Alejandro,O'Cannan,aocannanoi@baidu.com,Male,167.79.243.31
884,Costanza,Dobrovsky,cdobrovskyoj@123-reg.co.uk,Female,169.133.151.82
885,Libbie,Abramzon,labramzonok@xrea.com,Female,1.96.34.63
886,Eloisa,Bolletti,ebollettiol@chron.com,Female,68.49.52.33
887,Riannon,Inkle,rinkleom@smh.com.au,Female,160.145.206.14
888,Dedra,McCollum,dmccollumon@opera.com,Female,150.180.124.124
889,Johanna,Corlett,jcorlettoo@mapquest.com,Female,174.249.7.193
890,Parke,Pendle,ppendleop@myspace.com,Male,213.199.142.250
891,Tommi,De Vries,tdevriesoq@github.com,Female,173.250.113.230
892,Jard,Liverock,jliverockor@canalblog.com,Male,70.156.73.64
893,Gwenny,Guisot,gguisotos@netscape.com,Female,139.98.181.1
894,Katharyn,Fullager,kfullagerot@ocn.ne.jp,Female,23.10.9.242
895,Selestina,Marley,smarleyou@github.com,Female,200.43.250.185
896,Hamilton,Scruton,hscrutonov@google.nl,Male,174.136.228.150
897,Zuzana,Vanyushkin,zvanyushkinow@tmall.com,Female,113.165.127.244
898,Albertine,Ruselin,aruselinox@tinypic.com,Female,202.106.16.139
899,Edgard,Capponeer,ecapponeeroy@nyu.edu,Male,201.235.190.151
900,Damon,Romushkin,dromushkinoz@linkedin.com,Male,142.148.80.61
901,Guido,Clampin,gclampinp0@nytimes.com,Male,39.235.199.165
902,Binni,Esilmon,besilmonp1@360.cn,Female,1.104.61.178
903,Karlan,Sherville,kshervillep2@phoca.cz,Male,46.160.87.69
904,Alma,Inworth,ainworthp3@timesonline.co.uk,Female,130.169.70.211
905,Vivianna,Raoul,vraoulp4@taobao.com,Female,214.154.4.243
906,Lorelei,Yakovliv,lyakovlivp5@netvibes.com,Female,28.140.134.12
907,Guendolen,Hedger,ghedgerp6@cnbc.com,Female,49.13.48.190
908,Tim,Simic,tsimicp7@noaa.gov,Male,175.71.191.69
909,Stan,Blackman,sblackmanp8@barnesandnoble.com,Male,92.239.58.177
910,Rance,Wynes,rwynesp9@phpbb.com,Male,63.39.143.208
911,Stefano,Embling,semblingpa@icq.com,Male,224.62.246.210
912,Farr,Alfwy,falfwypb@i2i.jp,Male,245.146.222.48
913,Upton,Raincin,uraincinpc@qq.com,Male,106.163.45.207
914,Leighton,Mulvin,lmulvinpd@disqus.com,Male,30.245.78.200
915,Field,Gulk,fgulkpe@dion.ne.jp,Male,97.140.37.7
916,Mellicent,Tutill,mtutillpf@fda.gov,Female,213.83.194.56
917,Desirae,Stryde,dstrydepg@facebook.com,Female,107.122.37.108
918,Nesta,Tovey,ntoveyph@cyberchimps.com,Female,147.205.82.187
919,Ase,Gascoyne,agascoynepi@netvibes.com,Male,51.224.158.125
920,Shelli,Spottswood,sspottswoodpj@archive.org,Female,176.178.223.159
921,Jecho,Klampk,jklampkpk@qq.com,Male,73.8.25.106
922,Catlaina,Mayoh,cmayohpl@opera.com,Female,13.117.23.162
923,Coleen,Hatchman,chatchmanpm@google.nl,Female,100.96.171.141
924,Franzen,Challiss,fchallisspn@weibo.com,Male,16.156.168.174
925,Flint,Berthomieu,fberthomieupo@altervista.org,Male,134.99.121.221
926,Riccardo,McGunley,rmcgunleypp@virginia.edu,Male,186.234.5.138
927,Rafi,Guyet,rguyetpq@dedecms.com,Male,183.190.230.208
928,Christin,Cosgrove,ccosgrovepr@weather.com,Female,110.34.96.93
929,Dex,Fernez,dfernezps@mozilla.org,Male,139.218.238.26
930,Kaia,McWilliam,kmcwilliampt@washingtonpost.com,Female,97.111.214.23
931,Oralla,Columbine,ocolumbinepu@cocolog-nifty.com,Female,239.135.148.189
932,Erskine,Velti,eveltipv@liveinternet.ru,Male,207.204.55.89
933,Shena,Bacop,sbacoppw@gnu.org,Female,172.204.254.187
934,Judah,Bernardelli,jbernardellipx@craigslist.org,Male,58.123.166.240
935,Dyanna,Rainsden,drainsdenpy@mit.edu,Female,197.249.106.246
936,Faustine,Dolan,fdolanpz@netscape.com,Female,164.39.251.216
937,Barby,Clemot,bclemotq0@instagram.com,Female,242.187.107.117
938,Mattias,Braunroth,mbraunrothq1@nifty.com,Male,137.249.25.243
939,Gardner,O'Gormley,gogormleyq2@huffingtonpost.com,Male,214.84.186.220
940,Rene,Lerven,rlervenq3@jimdo.com,Male,178.170.161.116
941,Honor,Bittany,hbittanyq4@prweb.com,Female,214.196.89.203
942,Pet,Tremmel,ptremmelq5@usgs.gov,Female,42.26.104.6
943,Jeth,Francisco,jfranciscoq6@wunderground.com,Male,222.38.183.225
944,Elliott,Wulfinger,ewulfingerq7@jigsy.com,Male,58.229.158.2
945,Humfrid,Elsdon,helsdonq8@friendfeed.com,Male,40.212.170.125
946,Symon,Guye,sguyeq9@wufoo.com,Male,130.168.72.2
947,Morgan,Deville,mdevilleqa@google.es,Male,230.116.209.159
948,Jackelyn,Pavlik,jpavlikqb@chron.com,Female,19.17.196.169
949,Elisabeth,Morales,emoralesqc@illinois.edu,Female,69.12.111.201
950,Sylas,Ramsay,sramsayqd@hugedomains.com,Male,93.103.246.208
951,Paige,Riddall,priddallqe@constantcontact.com,Male,61.30.9.23
952,Adair,Bohling,abohlingqf@mtv.com,Male,17.0.205.109
953,Whitby,Dowdeswell,wdowdeswellqg@auda.org.au,Male,79.94.87.195
954,Douglass,Davitt,ddavittqh@privacy.gov.au,Male,52.249.145.64
955,Raffarty,Videneev,rvideneevqi@surveymonkey.com,Male,26.73.6.115
956,Sawyer,Iwanowicz,siwanowiczqj@squidoo.com,Male,242.0.190.203
957,Flory,Langstaff,flangstaffqk@myspace.com,Male,185.82.169.191
958,Maris,Sowman,msowmanql@friendfeed.com,Female,118.169.45.237
959,Ally,Gerkens,agerkensqm@issuu.com,Female,171.14.44.56
960,Morton,McElory,mmceloryqn@123-reg.co.uk,Male,6.199.49.110
961,Errol,Jamson,ejamsonqo@weibo.com,Male,29.14.107.222
962,Tabb,Bucksey,tbuckseyqp@princeton.edu,Male,4.151.37.116
963,Anastasie,Mackin,amackinqq@bing.com,Female,51.129.133.245
964,Chalmers,Luchelli,cluchelliqr@blogspot.com,Male,54.236.133.114
965,Jolene,Rawstron,jrawstronqs@google.fr,Female,226.230.122.100
966,Bastien,Ivanishin,bivanishinqt@people.com.cn,Male,209.151.105.187
967,Maximo,Stanislaw,mstanislawqu@census.gov,Male,175.209.50.34
968,Novelia,Highman,nhighmanqv@nba.com,Female,240.10.224.79
969,Skipp,Astall,sastallqw@buzzfeed.com,Male,212.8.184.231
970,Francisca,Ivanenko,fivanenkoqx@army.mil,Female,4.149.23.177
971,Angelita,Greeding,agreedingqy@china.com.cn,Female,63.202.180.68
972,Shayna,Hourihan,shourihanqz@goodreads.com,Female,200.38.57.151
973,Kessia,Chell,kchellr0@ihg.com,Female,176.85.135.18
974,Shae,Wiffen,swiffenr1@home.pl,Male,232.59.173.241
975,Abdul,Lilliman,alillimanr2@sun.com,Male,194.60.208.225
976,Glendon,Gilbey,ggilbeyr3@sogou.com,Male,39.229.206.142
977,Lars,Grzelczyk,lgrzelczykr4@eepurl.com,Male,27.98.63.53
978,Holli,Follows,hfollowsr5@typepad.com,Female,54.224.219.136
979,Devi,Roddick,droddickr6@discovery.com,Female,39.23.214.89
980,Christiane,Caldero,ccalderor7@mail.ru,Female,80.0.38.239
981,Allene,Pratton,aprattonr8@myspace.com,Female,176.231.183.135
982,Caz,Craze,ccrazer9@so-net.ne.jp,Male,68.68.179.237
983,Ansell,Arnull,aarnullra@4shared.com,Male,75.194.13.52
984,Lenette,Lithgow,llithgowrb@godaddy.com,Female,11.254.66.250
985,Susie,Pattullo,spattullorc@merriam-webster.com,Female,219.58.186.231
986,Natala,Cousin,ncousinrd@qq.com,Female,131.75.55.202
987,Waylen,Woodus,wwoodusre@purevolume.com,Male,14.170.137.176
988,Shaine,Turmell,sturmellrf@google.es,Female,120.137.47.76
989,Monika,Strothers,mstrothersrg@cnn.com,Female,56.184.126.177
990,Neill,Dubock,ndubockrh@cloudflare.com,Male,113.67.199.238
991,Jorey,Edmonds,jedmondsri@home.pl,Female,174.226.176.249
992,Haywood,Flieger,hfliegerrj@friendfeed.com,Male,119.84.37.254
993,Belvia,Annear,bannearrk@tumblr.com,Female,135.44.110.49
994,Sonnnie,Feechan,sfeechanrl@php.net,Female,246.75.226.67
995,Maximilianus,Seller,msellerrm@spotify.com,Male,130.238.217.230
996,Wilbert,Readhead,wreadheadrn@reference.com,Male,224.191.207.247
997,Daveta,Scain,dscainro@omniture.com,Female,106.173.217.33
998,Ximenes,Vanacci,xvanaccirp@fastcompany.com,Male,154.135.250.150
999,Kordula,Dimic,kdimicrq@hugedomains.com,Female,240.151.51.223
1000,Farr,Realph,frealphrr@squarespace.com,Male,50.159.121.181
